student_id,travel,breakfast,screen_time,sleep_hours,sleep_quality,quiz_score
1001,Walk,No,5.4,6.7,Fair,13
1002,Bus,Yes,4.7,7.7,Fair,17
1003,Cycle,Yes,3.9,7.2,Fair,7
1004,Cycle,Yes,5.7,7.4,Fair,8
1005,Cycle,No,4.9,6.9,Fair,15
1006,Bus,Yes,4.8,8.1,Good,15
1007,Car,No,2.1,8.6,Good,14
1008,Walk,No,2.2,8.8,Good,11
1009,Bus,No,5.1,9.5,Good,10
1010,Walk,Yes,4.6,8.1,Good,14
1011,Car,No,4.7,7.7,Fair,8
1012,Car,Yes,4.8,7.5,Fair,9
1013,Bus,No,5.2,6.5,Fair,7
1014,Bus,Yes,4.6,8.3,Good,14
1015,Bus,Yes,4.8,8.6,Good,15
1016,Car,Yes,4.9,7.4,Fair,18
1017,Cycle,Yes,6.0,8.2,Good,15
1018,Cycle,Yes,3.7,,Fair,15
1019,Walk,Yes,5.8,5.7,Poor,18
1020,Walk,Yes,5.5,6.6,Fair,11
1021,Bus,No,4.7,6.7,Fair,8
1022,Cycle,No,3.7,7.7,Fair,9
1023,Bus,Yes,5.1,7.8,Fair,13
1024,Walk,Yes,5.9,6.2,Poor,19
1025,Cycle,Yes,2.8,8.3,Good,12
1026,Cycle,Yes,4.6,7.7,Fair,17
1027,Walk,Yes,4.6,7.0,Fair,12
1028,Bus,No,3.4,7.4,Fair,12
1029,Cycle,Yes,3.5,8.1,Good,15
1030,Walk,Yes,2.0,9.4,Good,15
1031,Walk,No,2.7,7.9,Fair,13
1032,Car,No,2.0,8.1,Good,9
1033,Bus,No,3.5,7.9,Fair,16
1034,Bus,No,3.6,8.2,Good,14
1035,Cycle,Yes,3.6,7.6,Fair,11
1036,Car,No,5.1,7.1,Fair,12
1037,Bus,No,4.2,7.5,Fair,8
1038,Cycle,No,3.3,7.3,Fair,11
1039,Car,Yes,3.3,8.0,Good,10
1040,Cycle,Yes,2.7,8.0,Good,16
1041,Bus,No,4.2,8.9,Good,20
1042,Cycle,Yes,4.2,7.3,Fair,18
1043,Walk,Yes,7.1,6.7,Fair,15
1044,Bus,Yes,7.0,6.7,Fair,10
1045,Walk,No,6.9,5.7,Poor,12
1046,Cycle,Yes,7.8,5.2,Poor,16
1047,Bus,Yes,2.6,8.1,Good,13
1048,Walk,Yes,5.6,7.6,Fair,14
1049,Bus,Yes,5.7,6.6,Fair,8
1050,Bus,Yes,5.3,6.7,Fair,10
1051,Bus,No,7.9,4.5,Poor,4
1052,Cycle,Yes,8.6,5.4,Poor,18
1053,Cycle,Yes,6.1,7.1,Fair,14
1054,Cycle,Yes,5.5,7.5,Fair,15
1055,Cycle,Yes,2.7,8.7,Good,13
1056,Bus,Yes,2.7,8.1,Good,9
1057,Bus,No,5.6,6.9,Fair,11
1058,Cycle,Yes,4.4,8.2,Good,12
1059,Walk,Yes,2.4,8.4,Good,11
1060,Bus,No,4.3,5.9,Poor,11
1061,Bus,No,5.1,8.1,Good,12
1062,Cycle,Yes,6.0,6.1,Poor,12
1063,Cycle,Yes,4.3,8.7,Good,11
1064,Walk,No,4.1,,Good,9
1065,Car,Yes,4.5,8.1,Good,13
1066,Car,Yes,4.8,8.1,Good,17
1067,Walk,No,2.6,9.8,Good,7
1068,Cycle,Yes,5.8,6.2,Poor,11
1069,Bus,Yes,8.0,6.2,Poor,12
1070,Cycle,Yes,5.8,7.2,Fair,13
1071,Bus,Yes,2.2,7.9,Fair,12
1072,Cycle,Yes,4.7,9.0,Good,20
1073,Bus,No,1.7,8.4,Good,13
1074,Car,No,1.6,8.3,Good,8
1075,Car,No,5.6,7.3,Fair,5
1076,Bus,Yes,4.6,8.3,Good,13
1077,Walk,No,3.4,7.6,Fair,15
1078,Car,Yes,1.2,8.6,Good,14
1079,Walk,No,2.5,8.9,Good,5
1080,Walk,Yes,4.8,6.4,Poor,9
1081,Walk,No,4.6,7.0,Fair,11
1082,Bus,No,5.6,6.5,Fair,14
1083,Cycle,No,6.9,6.2,Poor,11
1084,Walk,No,4.0,7.7,Fair,12
1085,Walk,Yes,5.3,8.6,Good,17
1086,Bus,No,4.3,8.3,Good,15
1087,Cycle,Yes,3.7,8.0,Good,11
1088,Bus,Yes,4.1,7.6,Fair,15
1089,Bus,No,6.0,7.6,Fair,8
1090,Car,Yes,2.9,8.6,Good,10
1091,Car,Yes,6.3,7.4,Fair,15
1092,Walk,Yes,6.9,7.5,Fair,9
1093,Car,Yes,4.6,6.8,Fair,13
1094,Bus,No,4.9,5.7,Poor,11
1095,Bus,No,2.2,8.6,Good,14
1096,Bus,Yes,8.3,5.9,Poor,9
1097,Bus,No,6.1,7.1,Fair,12
1098,Car,Yes,4.8,7.0,Fair,13
1099,Walk,Yes,4.6,7.4,Fair,18
1100,Bus,Yes,5.2,7.7,Fair,11
